cliente_id,nome,idade,genero,endereco,telefone,cep,data_registro
1,Bryan Moraes,29,Masculino,"Ladeira de Duarte, 6 Indaiá 86182-803 da Mota de Araújo / ES",+55 21 2932 9993,73177-785,2020-10-15
2,Raquel Ferreira,24,Masculino,"Sítio de Peixoto, 965 Alto Vera Cruz 19229243 Pires / DF",0900 318 3978,16357292,2022-09-30
3,Luiz Otávio Rodrigues,52,Masculino,Jardim de Correia Conjunto Bonsucesso 71241789 Lopes / RR,+55 81 4992 7132,64263-185,2021-03-18
4,Maria Luiza Pires,54,Masculino,"Rua da Cunha, 5 Conjunto Taquaril 46546713 das Neves Alegre / AM",+55 61 6588-5366,56326-392,2024-07-04
5,Sra. Lorena Nogueira,18,Feminino,"Avenida de Moura, 298 Indaiá 27752-742 Pinto / SE",+55 (061) 7784-7228,28942-085,2021-03-19
6,Dr. Lucca Porto,24,Feminino,Trecho Davi Barros Marçola 70921193 Ribeiro Paulista / AL,0500 058 0221,48186-463,2020-08-15
7,Lorena da Cunha,23,Feminino,"Jardim de Ferreira, 67 Serra Verde 08167519 Mendes / ES",(011) 9060-9871,46788607,2024-05-29
8,Ana Sophia Gonçalves,42,Feminino,"Rodovia Araújo, 38 Barreiro 24578458 da Mota do Galho / GO",+55 (081) 2603-5727,12931-171,2024-06-10
9,Sr. Marcos Vinicius Melo,26,Masculino,"Lago de Cunha, 97 Tres Marias 60875-601 Duarte de Goiás / ES",+55 (031) 6615-0836,53557528,2021-10-20
10,Gabriel da Cunha,70,Masculino,"Colônia Viana, 93 Venda Nova 86276-827 Costela / SP",61 2414-0692,43276024,2024-12-15
11,Lorenzo Novaes,33,Feminino,"Campo Larissa Porto, 357 Lourdes 08221966 Rodrigues / RS",+55 51 6174 4314,86800-110,2024-09-08
12,Mirella da Conceição,58,Masculino,"Residencial de Martins, 4 Nova Floresta 17502-836 Ramos das Flores / MS",+55 (084) 1467 8968,18188263,2020-10-09
13,Maria Julia da Rosa,69,Feminino,"Jardim de Aragão, 1 Vila Vista Alegre 31840-432 Novaes Grande / RO",(011) 8323 8872,01737482,2020-12-24
14,Isis Barbosa,52,Masculino,"Viaduto Ramos, 6 Milionario 56285-326 Nogueira do Norte / RR",(071) 9926 2192,30729-794,2024-12-03
15,Ana Carolina Nascimento,19,Masculino,"Trevo de Pereira, 39 Providencia 19574609 Nunes / RS",(071) 9473 4966,20438237,2021-12-30
16,Sr. Bruno Lima,40,Feminino,Favela da Costa Vila Nova Cachoeirinha 3ª Seção 69117-389 Ramos de da Cruz / CE,41 3324-8355,22807544,2024-12-11
17,Benjamin Costa,51,Feminino,Avenida Vitor Hugo da Costa Vila Da Luz 23486-240 Porto de Oliveira / AL,0300-107-5055,84926-583,2022-12-21
18,Davi Lucas da Costa,27,Feminino,"Via Giovanna Costa, 665 Campo Alegre 03466-968 Moreira de Barros / SP",(061) 5609 1551,12742205,2022-03-22
19,Gustavo Martins,59,Masculino,"Vila Yasmin Pinto, 76 Jardim Do Vale 02396-698 Santos de Goiás / PR",+55 21 4915 7420,73563061,2022-12-01
20,Lara Pires,68,Feminino,"Via de Caldeira, 4 Solimoes 83197389 Duarte das Flores / PI",(081) 8448 0740,35608-345,2022-12-16
21,Maria Julia Caldeira,78,Masculino,"Avenida Aragão, 116 Varzea Da Palma 56735924 Cunha / CE",+55 61 2378 3592,52521256,2021-08-12
22,Cecília Teixeira,26,Feminino,"Lagoa Benício Nogueira, 75 Inconfidência 34855454 Santos do Galho / SE",(011) 3025-7232,78461-642,2020-11-30
23,Júlia Freitas,42,Feminino,"Colônia de Fogaça, 24 São Pedro 47236-080 Cavalcanti / PB",+55 (084) 4265-6898,13167229,2023-06-06
24,Nicole Farias,21,Feminino,"Feira de Nascimento, 19 Vila Jardim Montanhes 81517882 Silveira Paulista / PB",81 6634 7129,44000167,2020-03-09
25,Luiza da Mota,65,Masculino,"Setor Paulo Almeida, 78 Anchieta 67298-595 Porto / BA",+55 51 5061 5760,83571-684,2024-11-21
26,Sofia Silva,24,Feminino,"Viaduto Raquel Porto, 665 Indaiá 36523637 Pires do Galho / ES",(031) 6856-8087,94365-545,2024-11-16
27,Nina Moraes,33,Masculino,"Morro Ana Sophia da Costa, 91 Bela Vitoria 47341-789 Costela / DF",+55 41 9806 2916,00136-271,2023-11-23
28,Murilo da Rosa,71,Feminino,Esplanada Araújo Vila Ecológica 93240-206 Monteiro das Pedras / PI,+55 71 3554-4151,95054-905,2020-02-27
29,Alice Almeida,39,Feminino,Ladeira Stephany Santos Céu Azul 43833116 Nascimento da Prata / SP,84 0922-9773,20675-726,2023-06-30
30,Marcos Vinicius Oliveira,33,Feminino,"Viaduto de Porto, 50 Vila Pinho 20650-452 Novaes / SP",+55 41 0443-3016,83278-373,2022-03-13
31,Guilherme da Mota,29,Masculino,"Lago de Pinto, 306 Minas Brasil 41234780 Silveira / PI",0900 974 6532,95469-720,2023-01-13
32,Srta. Joana Melo,57,Masculino,Trevo de Rodrigues Novo Santa Cecilia 54226-587 da Rocha de Santos / ES,(061) 3442-7943,41018628,2020-04-05
33,Ana Lívia Cardoso,31,Feminino,"Largo Gomes, 52 Unidas 32984-499 Santos / DF",+55 51 2888 2180,34923504,2025-01-23
34,Igor Gonçalves,45,Masculino,"Viaduto Calebe Caldeira, 59 Barão Homem De Melo 1ª Seção 45020-985 Freitas / SE",(061) 0418 7776,60312-582,2022-05-28
35,Heloísa Campos,39,Feminino,"Praia Lívia Mendes, 716 Santa Efigênia 10269364 Martins das Flores / RN",(041) 0508-6230,74092509,2020-09-20
36,Dra. Bárbara Rodrigues,33,Feminino,"Sítio de Cavalcanti, 79 Bairro Das Indústrias Ii 01967062 Silveira da Serra / PB",31 9450 2928,76811410,2023-04-02
37,Davi Lucas Barros,50,Feminino,Núcleo Ana Beatriz Nascimento Minas Caixa 64910-670 Lopes Alegre / ES,61 7572 4217,77576123,2024-02-13
38,Sra. Mariana Silveira,45,Feminino,"Trevo de Castro, 47 Maria Tereza 23528-611 da Conceição / AP",+55 11 3474-3707,55028-925,2025-03-17
39,Rafaela Campos,24,Masculino,"Avenida de Castro, 910 Paraíso 61631-610 da Mata Grande / RS",+55 (061) 9273-9656,37202-751,2020-04-30
40,Dra. Rebeca Carvalho,52,Masculino,"Viela de Sales, 1 Grota 03028-019 Jesus de Moura / PR",71 2319-6311,67128-753,2022-04-25
41,Sra. Sophie Novaes,38,Feminino,"Parque Carvalho, 171 Laranjeiras 27956-332 Cardoso do Oeste / MT",+55 84 7615 0487,17458-976,2023-10-22
42,Guilherme Duarte,50,Feminino,"Fazenda Rodrigues, 73 Diamante 06649760 Ferreira de Costela / CE",+55 31 0992-5230,71655-859,2021-10-13
43,Juan da Rosa,67,Feminino,"Chácara Rebeca Lopes, 12 Vila Da Paz 30982293 Silva dos Dourados / RR",(011) 8871-1554,81938-692,2024-01-22
44,Cauã Barros,36,Feminino,"Rua Maria Cecília da Rosa, 7 Saudade 87002-206 Fogaça de da Paz / PR",21 0464-1856,85789-922,2023-01-05
45,Pedro Miguel Ferreira,56,Masculino,Vereda João Felipe da Mata Leonina 08570151 Vieira / RS,0800 654 8874,25194-949,2023-09-18
46,Sabrina Ribeiro,47,Feminino,"Favela Helena Lima, 39 Monte São José 89931626 Gonçalves / GO",(031) 3652-2967,34767-267,2020-10-15
47,Alice Barros,33,Masculino,"Vila Eduarda Fernandes, 21 Jonas Veiga 23673-087 Correia da Praia / MS",(011) 6366-8280,29340-155,2024-03-10
48,Dr. Caio da Rosa,23,Masculino,"Rodovia Moraes, 80 São Paulo 08431-420 Fogaça / RS",+55 21 6843-0961,37469738,2023-05-26
49,Lucas Porto,60,Feminino,"Via Caldeira, 67 João Alfredo 19889-307 Carvalho / CE",(031) 2399-7135,67392-443,2023-03-28
50,Gabrielly Rocha,55,Masculino,"Morro Lucas Gabriel Rodrigues, 3 Flamengo 18030-672 Castro do Norte / PE",+55 31 0717 8976,94996-858,2020-09-24
51,Catarina da Mata,53,Masculino,"Área da Rocha, 2 União 97715374 Teixeira Grande / CE",0800-174-6990,31972020,2021-03-20
52,Gustavo Henrique Rezende,24,Feminino,"Recanto Maitê Monteiro, 859 Havaí 31911649 da Rosa / RR",31 0712 8944,44149-048,2023-09-05
53,Sophia Oliveira,76,Masculino,"Rua de da Mata, 820 Nova Vista 51117450 Ferreira / CE",(071) 7269-3425,12875450,2023-11-13
54,Olivia das Neves,74,Feminino,"Campo de Silva, 56 Boa Esperança 34116-963 Vieira / AC",(031) 7458 3748,87497-260,2024-04-14
55,João Pedro Nascimento,65,Masculino,Praça Campos Parque São José 05693-898 da Rocha Paulista / MG,+55 61 7089-3545,68200-657,2022-03-17
56,Thomas Aragão,24,Masculino,"Sítio de Moreira, 4 Beija Flor 10387-101 Caldeira dos Dourados / PI",(051) 5100 7175,11584-604,2020-06-30
57,Dra. Laura Gonçalves,61,Masculino,"Loteamento Luiz Fernando Mendes, 2 Tupi B 14648-544 Azevedo Grande / DF",84 6445-4552,01460-327,2024-09-08
58,João Felipe Novaes,29,Feminino,"Residencial da Rocha, 1 Fazendinha 51783-587 Monteiro / SE",+55 31 7316 7941,08257-291,2021-07-13
59,Ana Lívia Silva,71,Feminino,Largo de Porto Vila Santo Antônio 61414-645 Cavalcanti / TO,+55 (051) 3981-8069,20561029,2020-10-05
60,Ian das Neves,19,Feminino,Avenida de Cunha Itapoa 51445-993 da Luz / ES,+55 (084) 9828 6927,22012-725,2023-12-30
61,Luiz Otávio Jesus,70,Masculino,"Residencial da Mata, 53 Conjunto Providencia 30436-946 Martins da Serra / RO",0300 308 5745,10780-332,2025-01-30
62,Vinicius Azevedo,49,Feminino,"Núcleo da Rocha, 498 Vila Novo São Lucas 46974437 Rezende / RR",(021) 7469 9523,74538-607,2024-07-17
63,Antônio Castro,46,Feminino,"Rodovia Maria Cavalcanti, 745 Ipe 04217822 Lopes dos Dourados / GO",+55 (021) 8383-7607,19119-866,2022-07-22
64,Enzo Nogueira,56,Masculino,"Quadra Alexia Viana, 49 Nova Gameleira 85076-483 Novaes do Oeste / RR",0300 485 0872,37917222,2022-11-19
65,Ana Clara Nascimento,66,Masculino,"Favela de Rezende, 3 Vila Engenho Nogueira 13206-053 da Luz do Sul / MT",(041) 3994-6381,32510321,2020-09-05
66,Pedro Henrique Pinto,77,Feminino,"Rua de Silva, 23 Santa Amelia 08671-858 Ribeiro de Goiás / MT",+55 (071) 0516 1682,99366481,2023-12-31
67,Sophie Cavalcanti,58,Masculino,"Setor da Cruz, 82 Vila São Dimas 69404423 Monteiro do Oeste / SC",(011) 7167-0874,55345-652,2020-03-23
68,Sr. João Guilherme Rezende,54,Feminino,"Avenida de Novaes, 87 Serrano 13550660 Monteiro / CE",0900-040-5872,66220-330,2020-10-11
69,Isaac Correia,51,Feminino,"Ladeira Barbosa, 81 Floramar 53847904 Ribeiro / SP",71 2549-0573,18162597,2022-01-25
70,André Carvalho,55,Feminino,Lagoa Natália da Conceição Vila Maria 24646350 Araújo das Flores / MS,+55 11 6528 4181,88229844,2023-07-22
71,Bryan Cavalcanti,64,Masculino,"Trecho Júlia Costa, 885 Pedreira Padro Lopes 48781-921 Ramos das Pedras / PE",+55 61 9947 9380,55042612,2025-03-17
72,Manuela Ribeiro,30,Feminino,"Chácara de Caldeira, 76 Dom Cabral 95215240 Barbosa dos Dourados / RN",(081) 3561-9145,57752163,2021-08-27
73,Murilo Vieira,68,Masculino,Pátio Monteiro Liberdade 62866960 Souza Alegre / AC,+55 71 8760 2646,05769835,2021-03-17
74,Ana Laura Nascimento,55,Feminino,"Vale Luiz Felipe Gomes, 12 Nova Cintra 62750-327 Peixoto de Barros / GO",(071) 7290 3384,48797-634,2022-05-27
75,Nicolas Cardoso,58,Feminino,Vale de Jesus Chácara Leonina 16953960 Porto das Pedras / PR,+55 41 4290-4579,79739324,2022-12-14
76,Carolina Sales,36,Masculino,"Vale de Costa, 29 Vila Real 1ª Seção 55149-418 Ribeiro / PI",+55 (081) 2703 4099,90478-007,2023-04-03
77,Vitor Gabriel Rezende,28,Masculino,Ladeira Santos Brasil Industrial 19272-812 Lima Verde / MA,+55 (084) 2899 0638,84504-481,2021-06-08
78,Maria Eduarda Freitas,79,Masculino,"Favela Ferreira, 175 Conjunto Paulo Vi 23586333 Castro / PA",(084) 6433-3560,30321555,2021-12-02
79,Heloísa Rezende,24,Feminino,"Trecho Matheus Correia, 792 Santa Isabel 82259192 Farias das Pedras / RR",+55 (041) 6073 9777,97472750,2022-12-31
80,Letícia Sales,67,Masculino,"Vereda Thiago Ferreira, 87 Álvaro Camargos 80266349 Azevedo / GO",+55 (041) 7634 3853,97117488,2024-01-28
81,Maria Julia Souza,22,Feminino,"Parque Melissa Martins, 6 Jardim Felicidade 04727-042 Pinto de da Mota / MG",51 0188 1691,12023189,2023-06-27
82,Srta. Lavínia Peixoto,31,Masculino,Trecho Davi Santos Mangueiras 17439375 Barros de Minas / MT,+55 84 3276-8559,82190371,2020-09-25
83,Diego Alves,49,Masculino,Vila de Ramos Braúnas 94243594 Almeida Alegre / SE,+55 (041) 6995 8851,77640415,2020-01-28
84,Bryan Oliveira,74,Feminino,"Área Bruno Gomes, 82 Venda Nova 74102-897 Ribeiro do Norte / RJ",0800-770-5894,91371046,2025-01-26
85,Luigi da Costa,59,Feminino,"Pátio Lopes, 14 Venda Nova 99201045 Melo do Oeste / AP",0900-383-6017,10328-300,2022-05-05
86,Igor Gonçalves,42,Masculino,"Vereda Catarina Nunes, 27 Belmonte 82089891 Mendes da Prata / TO",61 8821 6403,64812-305,2021-09-14
87,Sr. Vitor Gabriel Barros,53,Feminino,"Loteamento de Nunes, 2 João Paulo Ii 82610398 das Neves da Mata / PA",(071) 2586-6451,01806-188,2021-01-06
88,Yago Ribeiro,71,Feminino,"Travessa Porto, 5 Vila Ecológica 64623289 Rezende da Prata / TO",+55 71 8777 1017,62402730,2022-10-27
89,Ana Luiza Pereira,20,Masculino,"Via Alana da Cruz, 32 Marieta 1ª Seção 00947170 Rodrigues / RJ",+55 61 1322-7074,98860792,2023-02-15
90,Arthur Nascimento,34,Masculino,"Setor de Novaes, 54 Vila União 84630-343 da Paz / CE",0900-039-6507,88957810,2023-08-08
91,Laís Rocha,56,Feminino,"Praia da Costa, 19 Conjunto Santa Maria 62508210 Cunha do Galho / MA",41 4802-4749,30038205,2024-03-02
92,Diego Ferreira,34,Feminino,"Morro Nogueira, 69 São Cristóvão 17210825 Pinto de Minas / GO",11 3909 9130,40680529,2023-07-03
93,Luiz Gustavo Peixoto,29,Feminino,"Parque Clara Peixoto, 53 Nova Esperança 48911486 das Neves / PR",(071) 2702-8500,60126019,2022-11-25
94,Enzo Gabriel Costa,18,Masculino,"Favela de Aragão, 5 Beija Flor 26551-395 da Mota / RS",0800-335-9694,35015-186,2024-10-08
95,Srta. Maria Fernanda Jesus,50,Masculino,"Distrito Correia, 2 Capitão Eduardo 70541-709 Nascimento / SP",(021) 4855-2236,73156594,2022-10-02
96,Juliana Fogaça,71,Masculino,"Passarela Thomas Nascimento, 78 Jonas Veiga 64183-868 Teixeira Alegre / PI",21 7519 8115,73962-862,2021-01-02
97,Danilo da Luz,42,Feminino,"Área das Neves, 247 João Pinheiro 69873-945 da Cunha / RR",(071) 3629-5366,43553625,2024-03-11
98,Maria Alice Nogueira,80,Feminino,Fazenda de Porto Prado 91816-639 da Rocha da Prata / SP,31 5742 0621,96747-913,2024-02-09
99,Srta. Isis Porto,69,Feminino,"Praia Elisa Gonçalves, 178 Conjunto Jatoba 48170-261 Peixoto de Nascimento / PR",+55 (084) 2216 5983,45497-889,2024-09-21
100,Dra. Olivia Melo,75,Masculino,"Travessa de da Conceição, 91 Cidade Nova 53207-584 Teixeira de Rocha / MT",+55 61 1546 3371,76706-905,2024-02-04
101,Sophie Rodrigues,20,Masculino,"Estação de Costa, 936 Santa Monica 26816016 Correia do Oeste / RJ",41 4371-7943,47705-488,2021-09-26
102,Nicolas da Luz,37,Masculino,"Esplanada de da Cunha, 353 Tupi B 75757749 da Costa / SP",+55 71 1475-4325,92542-689,2020-12-08
103,João Lucas Sales,77,Feminino,"Lago Barros, 7 Carmo 20229253 Caldeira / RR",+55 (084) 4547-8038,18297316,2023-12-01
104,Mariane da Conceição,35,Feminino,"Alameda Nascimento, 12 Santa Isabel 76386-749 Araújo / MG",+55 84 6715 5406,89099-526,2022-09-27
105,Carolina da Conceição,18,Feminino,"Morro de Nascimento, 15 Indaiá 99337764 Costa / RN",+55 (041) 0702 9790,03873-719,2024-09-19
106,Sr. Enrico Freitas,19,Masculino,"Vila de Silva, 35 Flavio Marques Lisboa 20260061 Correia de Aragão / MA",61 2876-3211,94448-630,2024-12-05
107,Lucas Gabriel Sales,37,Masculino,"Viaduto de Aragão, 6 Vila Maria 00465372 Vieira Grande / RO",+55 (084) 1748-9659,68918-665,2020-09-09
108,Stella Ferreira,40,Masculino,"Fazenda de Silva, 60 Beija Flor 13828-498 Aragão do Norte / AL",(041) 2545 1500,84823-520,2020-12-08
109,Rafael da Mata,75,Masculino,"Vila Ryan da Cruz, 30 Vila Nova Dos Milionarios 06643691 Moreira / PI",+55 (021) 7434 7297,45449-888,2024-10-09
110,Noah Cunha,63,Feminino,"Rodovia Fernandes, 94 Vila Fumec 99842-694 da Rocha / DF",(031) 6462-4373,74859-887,2023-01-02
111,Sr. Vitor Hugo Cavalcanti,45,Feminino,"Jardim Esther Souza, 312 Santa Amelia 86801366 Rodrigues da Mata / AL",31 7925-4838,85192090,2024-02-06
112,Caio Rezende,61,Feminino,"Chácara Enzo Gabriel da Luz, 47 Aparecida 96397-129 da Conceição / PE",+55 (071) 6842 3726,69851-417,2020-08-06
113,Lara Caldeira,65,Masculino,"Pátio de Silva, 7 Leticia 27967-198 Nogueira / AP",+55 (031) 3730 6765,07863789,2023-12-07
114,Davi Lucca Barbosa,32,Masculino,"Distrito Yuri Fernandes, 60 Fazendinha 50558-163 Teixeira do Amparo / PR",+55 31 0395 9393,52494-098,2023-03-26
115,Ana Carolina Rezende,24,Masculino,"Parque Martins, 57 Bairro Das Indústrias Ii 69709-516 Viana / PI",+55 (011) 7579-6628,24332890,2025-01-06
116,Sr. João Lucas Azevedo,22,Masculino,"Praia Novaes, 43 Nossa Senhora Do Rosário 32793598 Cardoso / BA",+55 (011) 7717-0044,52944-077,2024-11-17
117,Maria Fernanda Fernandes,63,Feminino,"Pátio de Freitas, 8 Cabana Do Pai Tomás 87073362 Lopes Paulista / PA",(011) 6464-8581,90197-000,2024-02-28
118,Lucas Lopes,61,Masculino,"Área de Moura, 12 Serra 20402916 Cardoso / RJ",+55 (021) 9655 2746,20328874,2024-01-08
119,Melissa Fogaça,27,Feminino,"Parque Joana Rocha, 275 São Cristóvão 44489271 Campos / RO",+55 84 1619 9110,56620-882,2024-04-10
120,João Guilherme Lopes,34,Feminino,"Feira Gustavo Henrique Caldeira, 52 Nova Floresta 92791515 Nascimento / MG",(071) 9388 2483,14967-807,2020-01-22
121,Dra. Laura da Mata,64,Feminino,Campo Azevedo Olaria 81785583 da Rosa Alegre / RJ,+55 41 5903 0036,39155-205,2022-01-04
122,Anthony Gonçalves,61,Feminino,"Área Sales, 55 Jonas Veiga 42195-957 da Mata / CE",(061) 2655 3003,94375-837,2025-02-28
123,João Guilherme Viana,33,Masculino,"Estação Souza, 6 Conjunto Jardim Filadélfia 47641583 Teixeira / PA",+55 71 7459-1506,52293357,2024-10-26
124,Paulo Mendes,73,Feminino,"Favela Stella da Rosa, 45 Caiçara - Adelaide 08003-415 Dias do Galho / SE",0500-315-9733,50524-688,2020-05-08
125,Valentina Cunha,37,Feminino,"Estrada de Moura, 58 Nova Vista 27116192 Duarte / RO",(021) 6052 3079,68081-657,2020-01-28
126,Dra. Melissa Moraes,20,Feminino,"Morro Viana, 9 Vila Minaslandia 42118597 Campos / TO",(031) 3380 4635,41583397,2024-10-01
127,Sarah Moura,58,Feminino,"Conjunto de da Costa, 19 Vila Pinho 98267480 Correia da Prata / TO",(051) 3638 6025,49421-691,2020-11-03
128,Camila Fogaça,36,Masculino,"Favela de Melo, 24 Suzana 13101485 Farias / DF",+55 61 7975 3422,85320-451,2021-06-23
129,Daniel Dias,36,Masculino,"Avenida da Mata, 21 Vila Madre Gertrudes 1ª Seção 53806571 Moura / GO",0300 016 4745,12684-203,2020-10-12
130,Sr. Cauê Moura,66,Masculino,"Trecho Camila Pires, 678 Caiçara - Adelaide 25268-895 Carvalho da Mata / RN",+55 51 5735 5126,03864-837,2021-03-20
131,Marcelo Costa,23,Masculino,"Recanto Luana Campos, 8 Conjunto Celso Machado 31851-148 da Rocha Grande / PE",(011) 4180-3779,88026974,2024-12-21
132,Henrique Ramos,26,Masculino,"Travessa Luana Souza, 96 São Lucas 01431193 Nogueira / MA",0900 856 3690,71317-449,2022-03-02
133,Pedro Lucas Pinto,32,Feminino,"Estação de Monteiro, 9 Inconfidência 62561730 Cardoso do Sul / TO",81 9034 5451,97208-604,2021-04-18
134,Srta. Maria Vitória Moura,72,Masculino,Colônia Azevedo Leticia 82990-232 Melo / TO,(081) 5335-7398,34590-206,2024-03-24
135,Ana Vitória Melo,45,Masculino,"Lagoa de Nascimento, 2 Vila Mangueiras 76563132 Costela do Norte / RJ",(031) 2572 2102,49908-338,2023-07-11
136,Sabrina Pires,22,Masculino,"Praça de Freitas, 93 Vila Satélite 76512-640 Fernandes / GO",(011) 1189-5664,29236-993,2023-06-10
137,Eduarda da Rocha,76,Masculino,"Jardim João Felipe da Rosa, 40 Alto Dos Pinheiros 54358568 Rodrigues / CE",(061) 7150-1431,75574392,2022-05-16
138,Erick Pereira,37,Feminino,"Loteamento Ana Lívia Vieira, 49 Manacas 12824-103 Cardoso do Norte / AL",+55 (061) 1756 9620,80133454,2024-08-15
139,Maria Sophia da Rosa,73,Masculino,Largo Maria Cecília Dias Lagoinha 42865-800 Gonçalves / SP,+55 (081) 9309 9000,09811-097,2022-05-29
140,Dra. Emanuelly Freitas,47,Masculino,"Vale Pereira, 39 Das Industrias I 63077875 Moura / MT",+55 84 5639 8175,65365547,2023-11-30
141,Ana Carolina Ribeiro,53,Masculino,"Vereda de Cavalcanti, 71 Ipiranga 50129-431 da Cruz / PI",+55 (081) 2837 9287,34614717,2020-03-14
142,Kevin Mendes,57,Masculino,"Área Rafael Caldeira, 78 São Cristóvão 35160437 Teixeira / RO",0800 703 3866,41911-272,2020-09-25
143,Vitor Ribeiro,57,Masculino,"Campo Enzo da Cruz, 3 Ernesto Nascimento 74493-284 Barros Alegre / RO",84 0440-1652,77688717,2022-03-30
144,Evelyn Gonçalves,25,Masculino,"Conjunto Silveira, 4 Nova America 91979-022 Novaes / MA",(011) 9610 4621,91273263,2022-09-10
145,Sra. Maria Luiza Barros,77,Feminino,"Núcleo de Monteiro, 6 Manacas 53295977 Ramos das Pedras / MG",0800 465 8747,68532086,2023-02-12
146,Valentina da Luz,43,Feminino,"Sítio de Rezende, 2 Santa Helena 27897-908 Gomes de Minas / ES",(011) 5891 0913,47458137,2022-12-02
147,Bryan Pereira,75,Feminino,"Rua de Pereira, 2 São Jorge 2ª Seção 22591037 Rezende da Praia / PR",+55 31 1057 9033,75019992,2023-05-15
148,Marcela Silva,54,Masculino,"Avenida Gabriel Martins, 748 Conjunto Taquaril 07900341 da Paz da Praia / ES",41 7569 0402,84692-253,2022-11-23
149,Beatriz Gonçalves,33,Masculino,"Conjunto Lívia Nascimento, 860 João Pinheiro 04850-445 da Cruz / MA",(041) 7029-3260,71258-960,2020-03-01
150,Erick da Conceição,78,Masculino,"Alameda Moura, 5 Camponesa 1ª Seção 43191234 Cardoso / GO",+55 (031) 5597 4463,95078-196,2020-07-20
151,Luna Castro,62,Masculino,"Recanto de Teixeira, 58 Madre Gertrudes 16338701 Nascimento de Minas / SC",61 9867 0614,44617-124,2023-11-04
152,Carlos Eduardo Jesus,19,Feminino,"Quadra Natália Dias, 65 Ouro Minas 90377210 Peixoto Verde / GO",+55 (061) 3754 1637,33664-851,2022-11-03
153,Srta. Alana Santos,66,Feminino,"Avenida Mendes, 33 Betânia 86112361 Souza / GO",0900-176-0831,56375069,2023-03-22
154,Sra. Beatriz Aragão,21,Masculino,"Fazenda Yago Porto, 55 Belmonte 60784316 da Cunha Verde / PI",+55 51 6948 4070,15076-665,2022-12-22
155,João Lucas Rezende,56,Masculino,"Chácara Peixoto, 27 Vila Engenho Nogueira 55778-713 Cardoso de Novaes / RJ",(031) 9559-7164,06109-380,2024-10-21
156,Lívia Cardoso,43,Feminino,Lago Lucca Ribeiro Laranjeiras 36205284 Novaes das Flores / PE,(011) 2290-0845,14973007,2023-06-02
157,Maria Cecília Duarte,22,Masculino,"Largo Henrique Barros, 62 Vila Piratininga 39826-270 Alves da Prata / RR",+55 71 8520 8035,24429564,2023-02-19
158,Dr. Carlos Eduardo Martins,76,Feminino,"Trevo da Rosa, 203 São Damião 56697-116 Correia de Barros / MT",(081) 6772-8520,17244-314,2021-08-31
159,Dr. Carlos Eduardo Nascimento,47,Masculino,"Vale Thiago Pires, 51 Antonio Ribeiro De Abreu 1ª Seção 32837-377 Nogueira / MG",+55 84 0598-4890,09844964,2020-05-27
160,Ana Julia Cardoso,57,Masculino,"Pátio Mendes, 63 Vila Maria 14436759 Barros / AC",+55 31 6910 1062,09894872,2022-10-08
161,Rebeca da Rocha,45,Feminino,"Aeroporto de Costela, 72 Vila Santo Antônio Barroquinha 16908-671 Freitas Alegre / PB",84 6877 1604,71527869,2024-11-03
162,Vitor da Paz,58,Feminino,"Estação Raul Viana, 83 Havaí 44819-472 Jesus / SP",0900 820 4494,23885-839,2022-03-04
163,Vinicius Silva,79,Masculino,"Estação Castro, 43 Santa Efigênia 58352-878 Santos de Fernandes / SP",+55 (051) 1799 4312,22896095,2023-01-16
164,Lucas Cardoso,52,Feminino,"Feira de da Paz, 301 Jardim Guanabara 14092-990 Monteiro / RS",51 6865 5509,46037-811,2024-01-22
165,Enzo Moura,19,Feminino,"Setor da Paz, 92 Flamengo 92693936 Correia da Serra / MA",+55 84 0304 0695,86349-472,2024-02-21
166,Breno da Cunha,64,Masculino,"Alameda Alves, 26 Santa Branca 43558236 Vieira de Oliveira / RS",84 4454-5136,75761-156,2022-12-27
167,Mirella Azevedo,29,Feminino,"Rodovia da Mata, 4 Anchieta 55497952 Vieira das Pedras / PR",61 1675 3698,13779353,2021-06-13
168,João Lucas da Cruz,61,Feminino,"Sítio Juan Santos, 6 Vila Inestan 27310-144 Gonçalves / TO",31 5691-4088,96003410,2022-12-13
169,Mirella Jesus,67,Masculino,"Rodovia Kaique Azevedo, 58 Centro 96869-148 Sales das Pedras / BA",+55 41 1112 0079,94853-254,2024-11-05
170,Sr. Lucca Sales,45,Masculino,"Viela de Campos, 34 Jardim São José 13601-250 Carvalho / RR",(051) 6720-4843,71751355,2023-07-27
171,Sra. Olivia Cardoso,73,Feminino,"Via Pedro Henrique da Luz, 79 Europa 90548951 Duarte de Gomes / BA",+55 71 2932 5101,37899-587,2024-06-11
172,Nicole Peixoto,42,Masculino,"Colônia Jesus, 33 Sagrada Família 54549-445 Freitas / PR",(011) 4207 3088,87646-756,2022-03-24
173,Davi Lucca da Mata,80,Feminino,"Área Almeida, 1 Floramar 38022-820 Jesus de Goiás / PB",51 6756 1031,48636899,2020-04-13
174,Dr. Lorenzo Martins,37,Feminino,"Avenida Rafaela Azevedo, 282 Vila Santa Monica 1ª Seção 67435536 Porto de Minas / DF",(031) 6964-4953,97484-287,2023-11-02
175,Giovanna Castro,18,Feminino,"Campo Alexia Barros, 7 Vista Alegre 56228097 Gonçalves da Praia / SE",+55 (071) 6374-2088,00636-217,2022-08-31
176,Miguel Cunha,34,Feminino,"Esplanada Natália Souza, 31 Independência 30005-537 Novaes / PA",(071) 4650 4698,67448211,2024-07-23
177,Henrique da Cruz,30,Masculino,Viaduto de Aragão Santa Rita De Cássia 63917651 das Neves de Araújo / PI,61 3098-8925,91775696,2024-07-14
178,Dr. Igor Cardoso,61,Masculino,"Loteamento de Campos, 89 Prado 82692974 Azevedo / PA",41 2616 8554,02648-963,2023-05-24
179,Benjamin Cardoso,54,Masculino,Via de da Mata Xangri-Lá 22639434 Souza / RR,(051) 6996 8939,82194-956,2024-08-06
180,Alexandre Santos,74,Masculino,"Recanto Souza, 1 Guarani 93483668 Lopes / MG",21 9289 6663,51188-549,2023-10-25
181,Eloah Campos,21,Feminino,"Recanto Carvalho, 1 Novo Das Industrias 65766-432 Pereira / RJ",+55 (031) 6097-1990,64989-140,2022-10-22
182,Alexia Pinto,34,Feminino,"Estação de Vieira, 541 Santa Maria 93484761 Martins / PI",(041) 8363-5473,10831170,2023-08-20
183,Sabrina Almeida,64,Masculino,"Loteamento de Gomes, 61 Vila Trinta E Um De Março 94411014 Martins da Prata / AP",+55 11 3321 7805,40378104,2021-10-01
184,Luiz Otávio Oliveira,29,Feminino,"Praia Sophie Santos, 21 Serrano 90991000 Correia / RO",(071) 9425 4476,85885166,2020-11-23
185,Vitor Gabriel Pereira,80,Feminino,"Pátio Alves, 44 Cônego Pinheiro 2ª Seção 51066-643 Cunha dos Dourados / DF",41 4734 9315,97333110,2022-08-18
186,Thomas Duarte,53,Feminino,"Alameda de Cardoso, 857 Conjunto Lagoa 24753-879 Moura / AC",+55 (031) 9409-1617,44566-320,2022-06-12
187,Davi Lucas da Cunha,40,Feminino,"Trecho Bárbara Porto, 58 Jatobá 84496102 Jesus / AC",+55 (031) 5749-9735,27257-119,2022-05-24
188,Ana Júlia Ribeiro,75,Masculino,"Estrada Fogaça, 956 Alto Caiçaras 31015-945 Fernandes / MA",+55 71 2975-9058,64869020,2024-10-18
189,Fernanda da Mota,23,Feminino,"Fazenda Oliveira, 43 Santa Helena 24134709 Silva / RS",81 4072 8097,28785131,2023-05-23
190,Amanda Dias,74,Feminino,"Conjunto de Barros, 70 São Salvador 52941-229 da Rosa / DF",(084) 5264 8338,32652140,2024-12-30
191,Luiz Miguel Ferreira,62,Masculino,"Sítio Costa, 97 Boa União 2ª Seção 65033284 Santos / AP",(031) 3285-7365,76137-414,2024-08-14
192,Maria Eduarda Mendes,73,Feminino,Condomínio Rafaela Fogaça Bela Vitoria 37969666 da Cunha / CE,+55 71 7495-8718,32699-265,2022-05-13
193,Alexia Pereira,59,Feminino,"Lagoa de Gomes, 758 Nossa Senhora Da Conceição 84157680 Santos / MS",+55 (061) 6132-7259,15357-700,2020-01-26
194,Marcos Vinicius Azevedo,30,Masculino,"Largo da Rosa, 94 Delta 70203-592 Barbosa do Galho / PB",11 0363 8095,70203232,2020-12-27
195,João Pereira,80,Feminino,"Conjunto de Cardoso, 62 Dom Silverio 13565392 Ferreira da Serra / SC",+55 (061) 0123-8657,53499432,2021-04-17
196,Lucas da Cruz,26,Masculino,Passarela Santos Vila Antena 70825811 Sales / RS,61 5025 7240,23984-965,2022-12-16
197,Bernardo Barbosa,52,Masculino,"Parque Miguel Monteiro, 29 Flavio Marques Lisboa 12682-169 Porto do Galho / RJ",+55 11 5050 2648,23427-399,2021-09-06
198,Kaique da Rocha,24,Feminino,"Distrito Arthur Cavalcanti, 8 Vila Real 2ª Seção 65159-565 Fernandes Verde / BA",61 3058 6594,72089256,2024-11-11
199,Brenda Ferreira,72,Masculino,"Chácara de Castro, 86 Barão Homem De Melo 3ª Seção 67348-454 Ferreira / PA",51 7494 6126,70757417,2024-01-09
200,Vinicius Pinto,77,Feminino,Fazenda de Carvalho São Gonçalo 54297-191 Nascimento da Serra / RJ,+55 (021) 0802 5300,27144277,2024-05-03
201,Cauã da Rocha,64,Feminino,"Estação Yuri da Paz, 20 Granja De Freitas 56889467 Oliveira / RR",+55 84 0582 8081,40348097,2023-11-15
202,Catarina Correia,68,Masculino,"Conjunto Francisco Nascimento, 912 Cachoeirinha 28876546 da Rocha do Amparo / MS",(011) 0592-4914,57320-039,2024-01-26
203,Raquel Porto,63,Masculino,"Avenida Lima, 259 Coração De Jesus 55159-126 Moraes Verde / RJ",11 0067-8084,15041-516,2023-09-20
204,Vinicius Caldeira,20,Feminino,"Rua de Nunes, 68 Gameleira 21944-619 Nascimento / AP",41 8444-1746,07686475,2022-04-08
205,Brenda da Mota,51,Feminino,Praia Oliveira Acaiaca 03202-110 Rocha de Cavalcanti / TO,(041) 3057-8514,96439-432,2022-12-18
206,Calebe Gomes,22,Masculino,"Vila Silveira, 96 São Geraldo 78786054 Araújo de da Luz / AM",+55 (061) 2712-7711,99459032,2021-10-26
207,Vitor Gabriel Santos,51,Feminino,"Vale de Campos, 26 Marieta 3ª Seção 55862-122 Porto de Lima / PE",+55 84 9878 7394,38108366,2020-12-10
208,Noah Rocha,57,Masculino,"Morro Cardoso, 7 Jardim Guanabara 01873574 Costa da Prata / RR",+55 (061) 1942 7614,82100-771,2020-10-19
209,Laís da Cruz,38,Masculino,"Fazenda de Vieira, 3 Nova Pampulha 20956309 Campos dos Dourados / RN",+55 81 2834 0739,50841-390,2021-12-12
210,João Felipe Oliveira,43,Masculino,"Condomínio Fogaça, 926 Aeroporto 50296-190 Ribeiro do Oeste / MA",(071) 3945 4743,53314278,2022-03-13
211,Caio Melo,41,Masculino,"Avenida Campos, 26 Vila Canto Do Sabiá 55918-440 Monteiro / SP",+55 21 9639-1976,22252-458,2023-01-07
212,Ana Vitória Pereira,66,Masculino,"Passarela Cunha, 8 Vila União 13094872 Azevedo da Praia / ES",+55 (061) 8549 9691,09614298,2024-07-04
213,Ana Lívia Pinto,18,Feminino,"Praça Araújo, 29 Andiroba 53277-444 Ramos / PA",71 9642 6310,97740849,2020-01-26
214,Srta. Bruna Campos,70,Feminino,"Esplanada Moreira, 62 Frei Leopoldo 22719-043 Martins de Barbosa / AM",51 6953 4325,46645-588,2022-03-30
215,Kamilly da Luz,40,Masculino,"Jardim Heloísa Pinto, 75 Penha 78168110 Ribeiro / MS",21 3874 5737,39556124,2020-08-15
216,Heitor Ribeiro,25,Feminino,"Pátio da Cunha, 72 Vila Coqueiral 22822-592 Cardoso / AP",(011) 8569-7994,57889-428,2021-09-15
217,Srta. Marina da Cruz,80,Masculino,"Morro Alice da Cruz, 2 Vila Piratininga 50196855 Freitas / MT",+55 (061) 4990 3864,94403445,2021-02-13
218,Thiago Viana,57,Feminino,"Lago Eduardo da Rosa, 47 Marilandia 63791-659 Cardoso / AL",+55 (051) 2497 0946,54794-364,2024-05-09
219,Ana Sophia Nunes,29,Masculino,Esplanada Emilly Monteiro Inconfidência 53477-612 Freitas / PA,+55 (071) 6582 9852,78424115,2024-01-13
220,Enzo Souza,74,Masculino,Passarela de Oliveira Santa Maria 13255594 Araújo / PB,71 2491 7589,79089-367,2021-11-27
221,Davi Lucca da Luz,72,Masculino,"Área Marina da Mata, 14 Aparecida 7ª Seção 68826206 Pires / PA",71 3219 0321,60495988,2024-04-27
222,Antônio Lima,34,Masculino,"Favela Gomes, 630 Boa União 1ª Seção 75900-908 Araújo da Prata / RJ",11 7028-2651,01240579,2022-01-31
223,Luiz Felipe Pires,45,Feminino,"Sítio Enzo das Neves, 4 Etelvina Carneiro 68695-831 Moura do Galho / RS",71 8058-9586,40439-904,2025-01-04
224,Thiago Campos,60,Feminino,"Alameda Lima, 55 São Bernardo 42229864 Martins / PE",(021) 4527-2281,09679631,2021-02-01
225,Pedro Henrique Sales,40,Feminino,"Parque Clarice Pires, 929 Vila Oeste 21921917 da Conceição / AL",+55 (051) 7237-4602,82415253,2022-07-02
226,Sophia da Luz,39,Masculino,"Condomínio Laura Fogaça, 243 Santa Rita 42409-234 Almeida / RN",+55 (081) 2082-6453,38973-343,2022-08-27
227,Dra. Ana Vitória Sales,64,Feminino,"Praça de Pinto, 302 Lagoinha Leblon 20346-713 Aragão de Mendes / PA",+55 11 4033 1452,65761-158,2025-02-11
228,Ana Mendes,63,Masculino,"Pátio de Melo, 62 Castanheira 78709-760 Silveira do Sul / PA",+55 31 3432 3773,86320186,2020-06-23
229,Gabrielly da Cunha,70,Feminino,"Quadra Caldeira, 7 Itapoa 88100920 Porto Grande / RJ",(011) 3564-8768,18317-784,2024-06-18
230,João Lucas Duarte,56,Masculino,Viaduto de Mendes Jardim Vitoria 03824503 Lopes do Amparo / AP,81 6425 9223,24452-833,2020-12-31
231,Juan Freitas,40,Masculino,"Viaduto de Pereira, 17 Santa Monica 84798720 Oliveira da Mata / DF",51 8719 8045,63530-034,2023-12-29
232,Cauã Nogueira,38,Feminino,Ladeira Nascimento Estrela 12202833 Castro / DF,+55 11 0507 4340,45229620,2020-08-15
233,Srta. Eduarda Porto,55,Feminino,"Fazenda Isabel da Paz, 40 Vila Formosa 73401-986 Fogaça do Norte / PR",+55 (041) 6552-6519,70460138,2021-04-21
234,Giovanna Teixeira,72,Feminino,Avenida Sarah Aragão Santa Lúcia 14924-095 Rocha / SP,+55 21 5066 0108,78347-794,2020-05-30
235,Luiz Gustavo Barbosa,64,Feminino,"Lago de Mendes, 311 Morro Dos Macacos 30446070 Barbosa de Viana / PR",+55 51 9703 2816,75119053,2023-02-20
236,Natália Barbosa,57,Masculino,"Viaduto de da Cunha, 10 Vila São Rafael 90435-774 da Luz / RR",+55 (041) 7159 5352,85686550,2024-05-01
237,Dra. Emanuella Novaes,66,Feminino,"Morro Guilherme Ribeiro, 642 Cônego Pinheiro 1ª Seção 15877372 Caldeira / ES",51 0458 1466,44786-407,2022-08-09
238,Davi Lucas Caldeira,44,Feminino,"Esplanada de Ribeiro, 28 Vila Nova 21203-692 Moura / MT",+55 84 2681-7655,73631-181,2020-01-11
239,Pedro Henrique da Conceição,50,Masculino,"Morro Vieira, 80 Cidade Jardim Taquaril 79118-338 Martins / AM",61 8821-3698,69116-128,2024-01-14
240,Luiz Henrique Alves,77,Masculino,Praça Vicente Santos Cônego Pinheiro 2ª Seção 74829702 Correia / AL,84 4483 3084,42239462,2022-06-17
241,Anthony da Luz,22,Masculino,"Núcleo de da Conceição, 29 Vila Nova Paraíso 23711178 da Costa de Duarte / MS",81 0898 3556,21767-587,2021-05-06
242,Sr. Erick Oliveira,40,Masculino,"Parque Ana Lívia Correia, 777 São Lucas 04963-001 Lopes / SE",+55 84 1579-3189,05227-311,2021-08-27
243,Esther Duarte,39,Feminino,"Vereda de Santos, 4 Boa União 2ª Seção 25535-634 Pereira da Mata / MA",31 7722 7565,62640-360,2021-09-17
244,Felipe Barbosa,56,Feminino,"Núcleo Cardoso, 12 Maria Helena 02855-683 Vieira / CE",0800 532 3718,39949953,2020-03-27
245,Carlos Eduardo Martins,24,Masculino,"Vale Ramos, 57 Vitoria 92597327 Porto dos Dourados / RN",(011) 1707 6319,26975693,2021-01-23
246,Ana Luiza Souza,64,Feminino,"Residencial Augusto Caldeira, 82 Nova Pampulha 11289041 Costa / AM",+55 (061) 4493 1371,00652-653,2021-04-20
247,Matheus Cavalcanti,67,Feminino,"Estrada Ramos, 4 Marieta 1ª Seção 43268350 Fogaça de Silva / SP",84 7334-5322,68745-534,2023-07-20
248,Fernando Aragão,57,Masculino,"Vale de Pereira, 912 Boa União 2ª Seção 90307678 da Cruz Paulista / DF",(081) 7481-4251,76995-791,2023-10-19
249,Cauã Viana,74,Masculino,Viela de Porto Vila Boa Vista 62930882 Novaes / AL,+55 (084) 4224 0913,26051739,2020-06-24
250,Leandro Ramos,55,Feminino,"Núcleo de Nascimento, 6 Vila Maria 68330354 Barros de Nunes / SE",+55 61 8738 3949,31685008,2022-12-24
251,Henrique Caldeira,75,Feminino,"Largo Ana Sophia Pereira, 6 Araguaia 48339752 Barbosa / SE",(084) 9289-9768,00761-201,2021-09-17
252,Maria Julia Ribeiro,72,Feminino,"Estação Pinto, 84 Vila União 90865-217 Farias de Goiás / RN",71 8343 1709,38468320,2023-02-18
253,Letícia Rezende,47,Masculino,"Área da Paz, 1 Paulo Vi 17522-729 Pinto / PI",61 3121-3961,02378-620,2021-08-10
254,Eduardo Oliveira,19,Masculino,"Ladeira Luiz Miguel Aragão, 192 Vila Aeroporto Jaraguá 48747265 Lopes / MT",(051) 1889-6658,20473-692,2021-09-16
255,Erick Lima,80,Masculino,"Largo Sales, 982 Vila Aeroporto Jaraguá 75525-595 Viana / SP",(081) 5171-3650,02668-602,2024-01-09
256,Isis Costela,63,Masculino,"Trevo Duarte, 538 Casa Branca 70699-973 Lopes / RR",0800 369 9834,09077549,2020-11-02
257,Luna Nogueira,22,Feminino,"Lagoa Heloísa Pires, 37 Nazare 60994-029 Alves / SE",84 9208-3822,55699565,2024-08-08
258,Vicente da Cruz,31,Masculino,"Morro de Caldeira, 95 Vila Puc 67792-616 Mendes do Campo / DF",+55 84 0416-4822,56119-498,2022-10-18
259,Paulo Monteiro,18,Feminino,"Loteamento Oliveira, 48 Conjunto Celso Machado 21607-234 Fogaça do Norte / MT",+55 41 5546 4345,56199-292,2024-05-19
260,Eloah Fernandes,67,Feminino,"Aeroporto de Jesus, 17 Ouro Preto 82314676 Martins do Oeste / MG",+55 84 6607-2777,53706589,2022-12-16
261,Luigi Costela,37,Masculino,"Vila de Araújo, 59 Vila União 16972339 Viana / TO",(084) 2103 7915,13749-292,2020-10-26
262,Pedro Henrique Moraes,66,Masculino,"Rua Augusto Moraes, 38 Itatiaia 66665-542 Jesus Alegre / BA",+55 51 9844 9109,01680301,2021-04-11
263,Vitor Gabriel Peixoto,55,Masculino,"Fazenda Sabrina Moura, 52 Vila Santo Antônio 14418943 da Paz / DF",+55 61 8065-2188,14574-064,2020-08-25
264,Raul Monteiro,60,Masculino,"Rodovia de da Conceição, 212 Silveira 90977201 da Cunha do Norte / DF",81 0403 3100,00942-616,2024-02-14
265,Raquel Castro,45,Masculino,Praça Aragão Vila São Dimas 86597307 Azevedo / BA,0500-107-5250,79889-916,2025-03-12
266,Alícia da Costa,43,Feminino,"Trecho de Campos, 37 Boa União 1ª Seção 55418-106 Sales / RO",(084) 1199-5889,58216-376,2021-03-29
267,Dra. Luana Peixoto,64,Feminino,"Vale Beatriz Pereira, 33 Jardim Atlântico 11384-459 Costela / MT",(071) 9796 9031,25325-065,2022-11-22
268,Amanda Pereira,25,Feminino,Lago de Araújo Nova Pampulha 75915634 Cardoso / AM,+55 81 9090-8328,29906350,2022-03-18
269,Dr. Juan Almeida,44,Feminino,"Fazenda Castro, 249 Pedreira Padro Lopes 64049906 Campos do Campo / TO",(071) 3331-5291,98886710,2023-09-05
270,Ana Vitória da Costa,32,Masculino,"Via Moura, 1 São Bernardo 99912398 Carvalho / MG",41 7973 4010,67981670,2024-08-18
271,Valentina Caldeira,28,Feminino,"Rodovia Souza, 87 Vila Jardim São José 14739-107 Caldeira de Goiás / CE",61 7969 0863,95098-886,2020-08-06
272,Vitor Silveira,18,Feminino,"Rodovia de Lima, 3 Vila São Paulo 57796-105 Caldeira / CE",+55 51 2419 6889,39946578,2024-05-31
273,Dr. Luigi Mendes,24,Masculino,"Rodovia Joaquim Cunha, 1 Vila São João Batista 52036983 Martins dos Dourados / PB",(041) 5983-6175,98377325,2020-03-31
274,Alexandre Gomes,65,Feminino,"Trecho Maria Alice Araújo, 538 Cônego Pinheiro 1ª Seção 53158611 Rezende / RN",+55 (031) 5792 6930,57966139,2023-12-05
275,Ana Carolina Ribeiro,70,Feminino,"Via Silva, 73 Marieta 1ª Seção 56281500 Teixeira / PI",51 5506 1406,55666-469,2021-08-25
276,Elisa Teixeira,22,Masculino,"Avenida André Castro, 4 Conjunto Celso Machado 03774-683 da Conceição de da Cruz / CE",(011) 1570-5913,16518767,2024-12-01
277,Theo Freitas,72,Feminino,"Setor da Cunha, 61 Pindura Saia 40341-373 Viana da Mata / RJ",+55 (071) 1544 9580,21584842,2023-01-14
278,Alexia Barros,57,Feminino,"Núcleo Maria Nogueira, 187 Vila Madre Gertrudes 2ª Seção 76644217 Gomes / PA",+55 51 3282 2276,08658-947,2022-10-25
279,Sr. Noah Alves,74,Feminino,"Condomínio de da Mata, 5 Marajó 95549-428 Viana dos Dourados / PI",+55 31 6626 6845,61589-256,2021-11-12
280,Fernando Barbosa,41,Feminino,Núcleo Carvalho Ademar Maldonado 25855-832 das Neves da Mata / MT,+55 (061) 4475-8265,95819-602,2024-11-12
281,Sarah Araújo,25,Feminino,"Rua Maitê Moreira, 62 Castanheira 71436-940 Pires de Minas / CE",+55 71 0393 0195,25863714,2024-01-23
282,Sr. Guilherme Araújo,27,Masculino,Condomínio de Martins Senhor Dos Passos 11758-344 Monteiro do Galho / RR,21 9168-5190,95709323,2021-01-15
283,Pietro Cunha,38,Masculino,"Avenida Aragão, 34 Pompéia 17915-642 Jesus dos Dourados / CE",21 5057 1024,87917-319,2023-02-27
284,Anthony Cavalcanti,65,Masculino,"Vereda de Duarte, 78 Trevo 08525836 Viana / DF",(081) 7704-4325,77671361,2025-01-23
285,Ana Lívia Rezende,42,Feminino,Parque Ribeiro Tupi A 84860-300 da Paz / AP,+55 (061) 7857-3146,43979874,2021-07-14
286,Vitor Gabriel Cunha,34,Masculino,"Travessa Monteiro, 78 Ribeiro De Abreu 95946219 Barbosa da Praia / MS",(084) 7424-4026,63562-839,2022-11-14
287,Srta. Maria Luiza Dias,32,Masculino,"Rua de Rocha, 99 Vila União 79549-130 das Neves da Mata / CE",81 5576 7600,54754-731,2022-04-24
288,Sr. Benício da Mata,55,Feminino,Chácara de das Neves Vila Ipiranga 67623-491 Viana / ES,81 1151-0840,67064-327,2020-01-20
289,Alexia Souza,40,Feminino,"Campo de Nascimento, 62 Vila Rica 75201463 Souza da Serra / ES",(041) 7573-1766,03177-789,2022-07-24
290,Benício Costa,26,Masculino,"Rodovia de Barbosa, 42 Tupi B 14566066 Dias das Pedras / DF",+55 31 8910-9281,11688493,2020-04-26
291,Luiz Felipe Cavalcanti,58,Masculino,Feira de Rezende Vila Jardim Leblon 49309036 Costa de Alves / PA,0300 570 0163,80323317,2024-08-29
292,Yuri Araújo,41,Masculino,"Via Sales, 44 Santo André 51449-984 Caldeira Paulista / AC",+55 (021) 2005-1511,14479588,2021-12-30
293,Brenda Carvalho,67,Masculino,Residencial Levi Moreira Boa União 1ª Seção 59135-298 Rezende dos Dourados / DF,21 7036 9183,30690-783,2024-01-27
294,Srta. Vitória Ramos,41,Masculino,"Favela de Martins, 208 São Salvador 15499-659 da Paz / CE",41 2098 5343,99806-903,2024-02-24
295,Lara Cardoso,65,Feminino,"Morro de Barros, 13 Vila Madre Gertrudes 3ª Seção 39869-450 Caldeira de Barbosa / MA",(051) 7401 4606,74309-937,2024-09-27
296,Pietra Ferreira,21,Masculino,"Sítio de Nogueira, 38 Ipe 44524-023 Pires / RJ",(021) 7723 2579,81604115,2021-03-31
297,Luiz Felipe Rodrigues,46,Feminino,"Passarela de Melo, 34 João Alfredo 83452118 Costa de Goiás / PE",+55 11 8929 3641,47799-532,2020-07-04
298,Dr. Danilo Sales,28,Feminino,"Alameda de Aragão, 28 Conjunto Celso Machado 68467542 Costela do Galho / RS",+55 (011) 9284-2685,62290-868,2021-12-21
299,Lucas Gabriel Cunha,39,Masculino,Setor de Ramos Conjunto Jatoba 45228487 Freitas / PE,0800 168 3736,16713-887,2022-09-28
300,João Gabriel Mendes,22,Feminino,Área de Porto Suzana 14448859 Pires / TO,31 6858 3631,00598-507,2020-06-02
301,Srta. Isadora Nogueira,43,Masculino,"Lago de Moraes, 59 Marajó 74242708 Pinto / SP",+55 (061) 5298 4552,74288-363,2022-06-11
302,João Gabriel Cardoso,78,Masculino,"Pátio Barros, 39 Satelite 57780023 Moreira / TO",(051) 8736-9544,44580699,2024-10-02
303,Dr. João Lucas Cunha,55,Masculino,"Campo Carolina Pires, 506 Palmares 34010-321 Ramos da Praia / AM",(071) 4655 5585,89293805,2020-07-05
304,Pietra Costa,72,Masculino,"Loteamento de Cavalcanti, 62 Santa Lúcia 60887864 Cardoso de Souza / DF",+55 (011) 8301-8758,38556-902,2022-03-01
305,Sr. Pedro Lucas da Cunha,41,Masculino,"Setor de da Costa, 13 São Bento 29038837 Peixoto / SP",+55 (071) 8310 5272,46376-824,2022-10-06
306,Marcos Vinicius Gomes,34,Masculino,"Estrada Ana Vitória Nogueira, 89 Vila De Sá 77671829 Almeida da Praia / RO",81 5812-5195,85375607,2020-11-09
307,Felipe Cavalcanti,77,Feminino,"Largo de Jesus, 76 União 68597-557 da Mota dos Dourados / CE",+55 84 9681 0811,54304-017,2021-07-17
308,João Felipe Rocha,37,Feminino,"Avenida de Silveira, 405 Califórnia 79780-255 da Conceição / RS",31 4704-7860,77282-799,2021-01-19
309,Alice Carvalho,71,Feminino,"Praia de Barbosa, 735 Luxemburgo 25745-272 Souza de da Cunha / AL",11 8327-2057,49149173,2021-08-08
310,Srta. Alexia Vieira,25,Masculino,"Residencial Nathan Lopes, 975 Cenaculo 01112-831 Oliveira de Santos / SC",0500-222-7514,92685-366,2023-06-12
311,Fernanda Castro,60,Feminino,"Estação Cavalcanti, 91 Dona Clara 65791-207 Mendes / PA",+55 (084) 7107 4937,29425162,2020-09-07
312,Eduardo da Mata,49,Feminino,"Avenida Noah Novaes, 1 Penha 46889744 Silva / SC",81 4374 9460,93881-170,2020-08-18
313,Sra. Kamilly Fogaça,60,Masculino,Fazenda Ramos Sport Club 36659467 Pereira Paulista / PR,+55 (061) 5554 2653,97183-802,2023-08-27
314,Diogo Castro,66,Masculino,"Estrada da Paz, 9 Caiçaras 14466867 Cardoso / BA",(041) 0330 6961,26661-674,2024-05-06
315,Cauã Rocha,73,Feminino,"Chácara Sales, 50 Colégio Batista 47977-904 Barros / PA",+55 31 3211-7449,69960-747,2024-04-19
316,Ana Vitória Carvalho,50,Masculino,"Feira de Nogueira, 94 Universitário 84631621 Azevedo / PI",(071) 2204-8835,04492-127,2020-07-23
317,Sabrina Santos,44,Feminino,Favela Lucca da Luz Conjunto Bonsucesso 75682714 Barros de Cunha / AL,31 8648-9725,49123120,2022-01-26
318,João Miguel Jesus,72,Feminino,Estação Emanuella da Mata Vila Piratininga Venda Nova 89372586 Jesus / PE,+55 84 4312 4725,29447-220,2022-01-16
319,Carlos Eduardo Lima,33,Masculino,"Trecho Lucas Gabriel Lopes, 794 Engenho Nogueira 68280-194 Martins Grande / PE",(061) 7152-7568,25413434,2021-12-18
320,Luiz Henrique Lima,71,Feminino,"Feira Moreira, 63 São Jorge 1ª Seção 62625-815 Almeida da Prata / PI",(051) 7895 6170,11129-741,2024-01-15
321,Elisa Cardoso,27,Masculino,"Rua João Vitor Oliveira, 35 Mariquinhas 74531-668 da Luz de Barbosa / SP",(021) 3823 8220,48700292,2022-12-13
322,Dr. Eduardo Nascimento,31,Masculino,"Vereda de Melo, 3 Maria Virgínia 46545999 Barros de Minas / PA",+55 71 9481 4478,29446-792,2021-05-29
323,Luigi Nascimento,73,Masculino,"Trecho João Barbosa, 72 Senhor Dos Passos 06116088 Farias / SP",0900-385-7958,25527654,2021-03-05
324,Miguel Alves,69,Masculino,"Alameda Barros, 10 Ademar Maldonado 00323-969 Carvalho da Praia / MT",(021) 0668 0295,80343867,2023-05-21
325,João Pedro Nogueira,24,Feminino,"Parque Cardoso, 20 Vila De Sá 46717-945 Castro / PE",+55 (031) 2174-6281,29582866,2021-03-09
326,Dr. Leonardo da Mota,78,Masculino,"Morro de da Paz, 96 Vila Aeroporto Jaraguá 19992040 Vieira / PB",+55 (041) 0131-0753,07250001,2023-01-30
327,Renan Moraes,76,Masculino,Esplanada Marcelo Rezende Ápia 70219-631 da Cunha da Serra / AC,11 4199 1271,62103790,2020-06-01
328,Dra. Lavínia Ramos,67,Masculino,"Viaduto de Ramos, 6 Marmiteiros 23246-684 Duarte / CE",0300 548 4170,60380278,2020-10-07
329,Dr. Murilo Costa,51,Feminino,"Setor de Peixoto, 17 Vila Coqueiral 63644263 Almeida Grande / SE",+55 51 3099 6850,28044317,2024-03-26
330,Emanuelly Alves,36,Feminino,"Aeroporto de Teixeira, 3 Ernesto Nascimento 80216422 Correia de Goiás / AM",+55 (021) 3847 1143,02629594,2024-12-05
331,Augusto Nascimento,22,Feminino,"Núcleo Maitê Carvalho, 77 Santa Margarida 80333-080 Lopes / CE",51 7241 9935,33709-484,2020-04-17
332,Dr. Luiz Fernando Moura,64,Feminino,"Pátio de Campos, 56 Vila São Dimas 62448046 Cunha do Norte / SP",+55 71 3870-6464,20620-911,2021-08-25
333,Davi Lucas Carvalho,53,Feminino,"Campo de Duarte, 8 Estoril 50204-898 Aragão da Praia / DF",31 6178 8370,65532038,2023-12-31
334,Eduardo Teixeira,60,Masculino,"Jardim Barros, 82 Vila Atila De Paiva 07905-871 Alves / SP",(051) 8560-0754,54430-028,2025-01-22
335,Pedro Lucas Viana,20,Feminino,"Esplanada Cunha, 65 Senhor Dos Passos 22682-321 Correia / GO",+55 (081) 3157-5750,84208319,2022-07-17
336,Murilo Costa,62,Masculino,"Avenida Nunes, 41 Goiania 10161-824 Rodrigues de Barros / AM",61 8231 2706,78993-027,2021-04-03
337,Miguel Araújo,41,Masculino,"Praia de Rezende, 125 Santa Tereza 90424804 da Rosa / RJ",11 6754 9756,60144875,2023-08-26
338,Leonardo Almeida,35,Feminino,"Pátio Cardoso, 750 Santa Helena 21181-840 Ferreira Verde / PR",+55 21 7556-5511,91117009,2021-11-18
339,Fernanda Dias,73,Feminino,"Área de Campos, 63 Vila São Gabriel Jacui 55004617 Moraes / AL",(031) 3025-0676,28257817,2023-02-25
340,Dr. Benjamin Correia,71,Feminino,"Trecho Nascimento, 39 Vila Jardim Alvorada 10218-816 da Conceição de Peixoto / PA",+55 31 8264-3657,61845698,2020-10-23
341,Yuri Costa,38,Feminino,Recanto Diogo Ramos Conjunto Taquaril 32654-099 Freitas / SC,+55 (084) 3437 9362,13392-775,2023-04-02
342,Benício Porto,41,Feminino,Trevo de da Paz Santa Efigênia 60445996 Melo / BA,+55 (061) 5914 2058,34730030,2022-03-29
343,Vitória Viana,60,Masculino,"Esplanada de da Luz, 71 Monsenhor Messias 97141-077 Sales de Novaes / AC",+55 (071) 0549 6206,12260028,2020-07-15
344,Mariana Castro,20,Masculino,"Sítio Silveira, 99 Vila Das Oliveiras 25692-163 Cardoso das Flores / PI",41 0380 8948,15066-229,2020-03-20
345,Ryan Peixoto,56,Masculino,"Jardim de Silva, 61 Corumbiara 39849180 Pereira de Vieira / RJ",+55 71 8520-3827,12479442,2023-04-09
346,Luana Castro,75,Feminino,Via de Araújo Jonas Veiga 84131-979 Gonçalves de da Paz / AL,+55 (084) 4153 0712,12717474,2023-06-21
347,Srta. Larissa Silveira,59,Masculino,"Setor Peixoto, 360 Estrela 18512-534 Fogaça da Praia / SP",(021) 6683 3708,17370112,2023-08-23
348,Theo da Mota,37,Masculino,"Aeroporto de Novaes, 66 União 54991088 Mendes / BA",(021) 7068-1506,72574-506,2024-07-20
349,Luiz Gustavo da Costa,63,Feminino,Pátio Nunes Vila Piratininga 04938-522 Alves / RR,41 8574-0233,63912418,2024-08-01
350,Ana Laura Aragão,69,Feminino,Parque das Neves Europa 13268150 Barbosa / RR,+55 (021) 7310 1196,09242-747,2022-10-30
351,Dra. Melissa Correia,70,Feminino,"Morro de Costa, 59 Mineirão 37202-566 Almeida de Fernandes / SE",(021) 9757 9382,57939-560,2022-11-17
352,Marcos Vinicius Ramos,18,Feminino,"Estrada de Castro, 342 Lorena 82087193 Castro / TO",0300 059 3006,37890-050,2021-10-20
353,Larissa da Rocha,62,Feminino,"Sítio Kevin Nunes, 7 Bom Jesus 66912675 Pires do Sul / AM",21 8041 3391,38684-195,2021-11-24
354,Eduardo Carvalho,22,Feminino,Conjunto Matheus Santos Frei Leopoldo 41448137 Ferreira / BA,+55 61 5334 1573,00569-993,2020-01-12
355,Sra. Olivia da Luz,62,Masculino,"Condomínio João Vitor Rocha, 21 Palmeiras 35108-880 Pinto / PR",+55 (021) 3149 4300,50433475,2022-05-05
356,Marcos Vinicius Santos,49,Masculino,Rua Ana Julia da Rocha Vila Boa Vista 63344992 Freitas Alegre / RJ,81 0965-8757,78894158,2023-12-09
357,Maria Luiza Farias,27,Feminino,"Feira Nicole Duarte, 352 União 25819206 da Cunha / SC",(021) 0562 0811,82925-349,2021-06-21
358,Bernardo Pinto,63,Feminino,"Condomínio Maria Sophia Santos, 18 Pongelupe 99766059 Teixeira da Mata / PE",+55 (021) 6891-2286,46141930,2024-12-03
359,Kamilly Correia,33,Feminino,"Residencial Laura Vieira, 12 Nossa Senhora De Fátima 81543491 Cardoso do Norte / MG",(011) 6261-4977,10285288,2021-12-05
360,Alícia Rocha,35,Feminino,"Setor Carlos Eduardo Fogaça, 74 Vila União 96249-097 Correia / TO",+55 71 5764 1316,66563-862,2024-05-06
361,Sr. Luiz Henrique da Cunha,26,Feminino,"Vila Helena Gomes, 318 São Tomaz 81733-154 Azevedo Paulista / SP",+55 51 3240 3472,37357-544,2025-02-26
362,Maria Alice Nogueira,73,Feminino,"Rua de Duarte, 13 Vila Primeiro De Maio 86329-427 da Mota / MS",41 2122 6770,79721-850,2020-02-29
363,Maria Vitória Castro,46,Feminino,"Distrito Sophie Ribeiro, 18 Monsenhor Messias 31026044 Pires / MA",(084) 8824-9900,06392725,2024-10-08
364,Sarah Teixeira,18,Masculino,"Pátio de Rodrigues, 54 Vila Havaí 29534180 da Cunha das Pedras / AP",+55 (061) 1519 4276,86688180,2021-06-18
365,Dr. Ryan da Conceição,22,Feminino,"Aeroporto Emilly Moura, 28 Capitão Eduardo 99399-907 da Mata da Praia / DF",+55 (041) 3944 3961,36642-102,2021-12-03
366,Isabel Moreira,22,Masculino,"Esplanada Luiz Otávio Vieira, 20 Europa 79665661 Gonçalves / MA",71 9336-2733,72012760,2022-02-02
367,Yasmin Alves,61,Masculino,"Trecho Enzo Vieira, 8 Vila Paraíso 53923-119 Moreira / PA",+55 21 2462-8325,95625845,2020-08-22
368,Catarina Ribeiro,20,Feminino,"Trevo Lima, 27 Vila Da Amizade 46914104 Martins Paulista / SP",+55 11 7406-2343,25003497,2020-07-29
369,Erick Costela,48,Feminino,"Colônia Martins, 95 Heliopolis 64759538 Cardoso da Mata / SC",+55 84 5640 4267,50200-538,2020-07-13
370,Luna da Rosa,38,Feminino,Recanto Barbosa Marçola 57813-720 Cardoso do Oeste / PR,(071) 8040 2911,83750-661,2021-09-29
371,Sr. Theo Viana,63,Feminino,"Loteamento de Freitas, 628 São Gabriel 15098023 Fernandes / ES",31 6593-5259,40183-214,2021-11-07
372,Raquel Alves,53,Masculino,"Rodovia de Caldeira, 37 Dom Cabral 01551128 Gonçalves / AL",+55 11 5090-2688,11167435,2022-10-11
373,João Pedro Rodrigues,56,Feminino,"Vereda Monteiro, 21 Renascença 17407746 Oliveira / MG",84 5122-3488,15494-151,2024-01-30
374,Davi Lucca Cardoso,79,Feminino,"Núcleo da Cunha, 56 Vila Petropolis 98531-031 Nascimento / PA",+55 84 1194-4360,21061-770,2024-04-10
375,Dr. Eduardo Moraes,25,Feminino,"Fazenda Cardoso, 38 Salgado Filho 90260944 da Mata dos Dourados / CE",71 9862 8767,37714800,2024-06-27
376,Vitor Teixeira,57,Masculino,"Feira de Barbosa, 245 Tupi A 74923143 Moreira / AM",+55 (041) 9752 4801,68245925,2023-06-25
377,Helena Sales,56,Masculino,"Vale Pires, 3 Marmiteiros 31196232 Lopes de Viana / RR",81 1177 9334,84058616,2021-02-17
378,Isaac Pereira,52,Feminino,"Chácara Correia, 28 Cardoso 22906139 Fernandes da Praia / PE",+55 (011) 5561-2187,41449-007,2020-07-22
379,Sra. Lara Fernandes,50,Feminino,"Sítio de Barbosa, 48 Vila Da Paz 80091-693 da Paz / RR",+55 61 5367-1739,69166336,2020-12-30
380,Rafaela Nunes,31,Feminino,"Esplanada Campos, 15 São Lucas 35358605 Pereira da Prata / RN",0500 467 2490,93792965,2023-07-14
381,Luiz Otávio Viana,50,Masculino,"Chácara Ryan Nascimento, 8 Pirineus 22007-396 Moura Paulista / RS",41 0131-7188,39543-695,2021-09-02
382,Beatriz Martins,27,Feminino,"Praça Carvalho, 47 Pousada Santo Antonio 34780-141 das Neves / PE",11 7837-3021,90408-478,2021-07-05
383,Maria Cecília Martins,68,Feminino,"Rodovia da Paz, 761 Jardim Felicidade 64323650 Nascimento / RO",+55 84 8757-5123,20899192,2021-12-25
384,Leandro Nascimento,48,Feminino,"Campo de Teixeira, 89 Vila Copacabana 49066178 Barros da Prata / RR",0300 432 8332,91568-527,2021-03-03
385,Kevin Ferreira,37,Feminino,"Travessa Alexandre Alves, 7 Satelite 83090-411 Barbosa de Fernandes / RN",+55 31 3980-4180,00800310,2022-02-05
386,Francisco Lima,30,Masculino,"Jardim Pinto, 83 Santo Antônio 56369-405 Gonçalves das Pedras / AC",(081) 3482 6406,47555-429,2021-05-27
387,Sarah Lopes,48,Feminino,"Rodovia de Pinto, 59 Outro 74927-694 Araújo do Norte / SE",21 5965 3753,39148-887,2023-01-13
388,Vitor Hugo Gomes,49,Masculino,Rua de Novaes Santa Branca 38747077 Freitas Paulista / CE,+55 (041) 9534-0793,68278226,2021-02-05
389,Emanuel Freitas,52,Feminino,Loteamento Melo Sion 07744-900 Castro de Rocha / PE,11 8359 5379,20030722,2022-08-05
390,Fernando Porto,34,Masculino,"Ladeira da Costa, 320 Cinquentenário 49216458 Freitas do Sul / AM",(084) 1276-5494,02509-741,2023-12-23
391,Pedro Azevedo,40,Feminino,"Lago Luiz Otávio Cavalcanti, 6 Vila Da Ária 28083-691 Cunha Verde / BA",+55 31 4248 3635,98619-606,2023-09-09
392,Sr. Bernardo Viana,61,Feminino,"Estrada Marcela Alves, 65 Canadá 92418336 Lopes de da Luz / SC",31 2466 5640,36832394,2021-07-09
393,Maria Julia Pinto,61,Masculino,"Viela Teixeira, 35 Calafate 39646-827 Ramos / TO",0800 052 6278,81901-623,2021-02-12
394,Maria Sophia Cardoso,74,Masculino,"Estrada Oliveira, 20 Nova Pampulha 35284-213 Peixoto / AC",+55 11 3991 3749,60627-760,2024-03-15
395,Mirella Barros,43,Masculino,"Distrito Nathan Martins, 906 São Francisco Das Chagas 55872-503 Nunes / SP",(041) 1158-9830,99321-070,2023-12-29
396,Ian Novaes,29,Feminino,"Praia João Gabriel da Mota, 66 Caiçaras 65959-116 Silva de da Rocha / AL",+55 11 6081-5311,90782695,2024-01-07
397,Sophie da Cunha,54,Feminino,"Chácara Lima, 45 Vila Ipiranga 36717099 Cunha de Goiás / MG",0300-558-0946,94188-736,2020-11-07
398,Carlos Eduardo Fernandes,35,Feminino,"Colônia Dias, 431 Ipiranga 52454-005 Fernandes de Moreira / PR",31 5289 4072,63587301,2021-06-03
399,Gabriela da Rocha,43,Feminino,"Lagoa de Araújo, 32 Alto Dos Pinheiros 14986-637 da Luz / MT",+55 (061) 1432 3788,32045-943,2020-01-08
400,Pedro Sales,51,Feminino,"Esplanada Moraes, 97 Vila Madre Gertrudes 1ª Seção 70598-649 Castro de Teixeira / AC",(021) 3211-6457,51627-438,2022-01-10
401,Carolina da Paz,29,Feminino,"Conjunto da Mota, 16 Etelvina Carneiro 45665-273 Pereira Alegre / PR",11 8590-3750,83151899,2022-10-13
402,Noah Melo,35,Feminino,"Fazenda Nunes, 72 Sion 60728869 Silva do Sul / MS",(081) 5095-2089,83656475,2022-12-15
403,Lívia Costa,43,Masculino,"Estrada Porto, 59 Vista Do Sol 13226-778 Cavalcanti / AP",+55 (061) 3971 8846,93413458,2021-08-09
404,Vitor Pinto,18,Feminino,"Loteamento Lucas Peixoto, 94 Céu Azul 46596517 Viana da Praia / PI",+55 71 4511 9034,28704860,2022-05-07
405,Emanuel Azevedo,75,Masculino,"Favela Alana da Paz, 47 São João 85988-814 Martins de Costa / AL",+55 (011) 5199 1933,55008-684,2020-11-14
406,Nina Nascimento,34,Masculino,"Ladeira Henrique da Cruz, 74 Coração De Jesus 51193919 Mendes do Amparo / CE",51 9262 4262,60583601,2022-02-08
407,Beatriz Mendes,21,Feminino,"Recanto de Almeida, 343 Pantanal 88586741 Nunes da Serra / RN",(051) 8874-6498,81420384,2023-12-30
408,Yasmin Vieira,34,Masculino,"Ladeira de Silveira, 454 Nossa Senhora Do Rosário 99554-982 Pires / ES",41 3075-1168,25159598,2021-10-18
409,Theo Rezende,31,Feminino,"Viela Lopes, 12 Colégio Batista 02624297 Jesus do Campo / BA",0900 058 1227,78282-087,2020-06-10
410,Isis Melo,48,Masculino,"Área de Campos, 51 Tupi A 11351-362 Gonçalves / TO",+55 81 5765-9172,24945-343,2022-12-02
411,Augusto da Cruz,79,Feminino,"Favela Igor Farias, 18 Vila São Rafael 52048-552 Santos das Flores / RJ",11 8278 8621,04232490,2024-08-24
412,Emilly Pinto,47,Masculino,"Recanto Yuri da Rosa, 21 Camponesa 1ª Seção 41534-416 Nascimento / MA",0500-692-7466,91598-961,2022-09-29
413,Ana Júlia da Rosa,61,Feminino,Colônia de Novaes Nossa Senhora Aparecida 77434-645 Mendes Alegre / AM,71 2017-1586,84763667,2024-10-18
414,Arthur Gonçalves,18,Feminino,"Núcleo Amanda Costela, 6 Coqueiros 28438-005 da Cunha do Campo / GO",21 1470-8869,20706-238,2024-12-22
415,Raul Vieira,65,Masculino,"Passarela Nicole Silveira, 29 Mirtes 47666-974 Oliveira do Amparo / PA",+55 (081) 3120 3754,64843-483,2025-03-12
416,Kaique Moraes,45,Feminino,"Feira de da Rosa, 6 Vila Jardim Leblon 59069049 Rezende Grande / SC",(011) 2872 0998,67999395,2020-02-17
417,Letícia das Neves,49,Feminino,"Travessa Correia, 6 Vila Maria 72664-324 da Paz de Nunes / DF",0800-955-0601,79502140,2024-05-06
418,Sra. Eloah da Cruz,45,Feminino,Vale de Ramos Itaipu 86460350 Jesus do Sul / RR,0800 179 5498,59689-206,2021-02-08
419,Pedro Henrique Jesus,19,Masculino,"Trevo da Costa, 629 João Paulo Ii 23907766 Sales da Praia / DF",61 0892 4523,37412874,2022-06-28
420,Sra. Beatriz Dias,68,Masculino,"Vale de Jesus, 280 Urca 91606-944 da Conceição Verde / RN",(021) 9548 7506,16125-381,2020-05-18
421,Srta. Valentina Nunes,34,Feminino,"Loteamento de Moura, 22 Xodo-Marize 27510-421 Vieira de Minas / ES",(041) 1722 5959,13581-914,2020-04-17
422,Diogo Santos,44,Masculino,"Vereda Souza, 5 Jardim Alvorada 04473-261 da Mata de Ribeiro / DF",+55 (021) 1815 7908,36381038,2024-11-03
423,Raquel da Rosa,46,Masculino,"Feira Cavalcanti, 82 Boa União 2ª Seção 82032-158 Pinto da Serra / AM",81 3856 1413,07207263,2024-03-02
424,Lucca Campos,54,Feminino,"Viaduto Silveira, 9 Vila Nova Dos Milionarios 10133-473 Lima da Serra / RR",71 0756-3831,85535047,2024-10-15
425,Manuela Mendes,33,Masculino,"Distrito de Novaes, 2 Horto 94123-853 Rocha / PA",(021) 4684 6764,39744674,2021-12-05
426,Maria Sophia Carvalho,79,Masculino,"Sítio das Neves, 77 Vila Nova Gameleira 3ª Seção 94720-279 Almeida / SC",11 1479 9602,85004-357,2022-05-31
427,Clarice Gonçalves,52,Masculino,Loteamento da Cruz João Pinheiro 77062-742 Ferreira Grande / AP,(051) 9348 9532,06642727,2020-06-28
428,Kamilly da Rocha,64,Masculino,"Trevo Teixeira, 39 Solar Do Barreiro 57857847 Peixoto do Amparo / CE",+55 84 5789 5279,25301685,2023-09-15
429,João Felipe da Rosa,40,Feminino,"Rodovia Carvalho, 78 Casa Branca 55044221 Cardoso das Flores / RS",84 4092-8653,51465-668,2020-01-14
430,Igor da Conceição,51,Masculino,"Viela Ribeiro, 23 Capitão Eduardo 59942583 Vieira / PB",+55 (021) 6026 5517,90151-037,2021-02-07
431,Ana Vitória da Mota,19,Masculino,Recanto Castro João Alfredo 03117-260 Duarte / SP,0800-492-5535,34519-720,2020-12-04
432,Thiago Vieira,55,Masculino,"Condomínio de Vieira, 177 Distrito Industrial Do Jatoba 55063220 Farias de Carvalho / PB",+55 (021) 7970-5865,76578-871,2023-11-10
433,Leandro Mendes,41,Feminino,"Viaduto de Nascimento, 98 Vila Suzana Segunda Seção 69419-238 Campos do Galho / MT",+55 51 6420 8709,08597893,2022-07-13
434,Augusto Lopes,36,Feminino,"Setor Carvalho, 1 Vila Da Luz 60161-112 Ribeiro dos Dourados / ES",+55 (031) 1092-9804,80877-203,2020-05-01
435,João Lucas Moraes,42,Feminino,"Rua Rocha, 23 Monsenhor Messias 68495455 Novaes do Oeste / RJ",+55 84 9795-3933,78632110,2022-11-16
436,Dr. Paulo Alves,50,Feminino,Praça de da Luz São Pedro 46661-358 Nascimento / AL,+55 (021) 2666-3872,25134-860,2020-01-19
437,Brenda Monteiro,80,Masculino,"Avenida Joaquim Barbosa, 12 São Bento 68579-499 Cardoso de Mendes / BA",+55 (081) 7026-8528,66816-595,2020-09-26
438,Maria Clara Castro,28,Masculino,"Pátio de Pinto, 401 Das Industrias I 08164-100 Nascimento / RJ",84 3958 8352,12251642,2021-08-17
439,Luigi Nogueira,44,Masculino,"Morro Sophia Vieira, 4 Santana Do Cafezal 38666-277 Costa do Norte / SC",+55 51 7189 6397,55160-984,2020-08-27
440,Francisco Nogueira,34,Masculino,"Fazenda Nogueira, 93 Tres Marias 59102-746 da Cruz / RR",+55 31 9165-3837,54719816,2025-03-11
441,Enrico Cavalcanti,34,Masculino,"Parque de Rocha, 42 Piratininga 38659412 Teixeira / ES",+55 81 3664 2541,92146867,2023-08-25
442,Catarina Barbosa,33,Feminino,Rodovia de Pinto Vila Inestan 17394381 Martins / PA,(061) 5909 9839,37632-941,2023-12-28
443,Srta. Lorena Moreira,53,Feminino,Distrito Júlia Nogueira Vila Olhos D'água 83018-973 Ferreira / AC,0500 485 7037,25149-249,2021-06-28
444,Beatriz das Neves,42,Feminino,"Feira Dias, 60 Indaiá 75637-144 da Costa de Minas / GO",+55 81 0518-2012,74803424,2022-11-03
445,Pedro Miguel Santos,79,Masculino,"Via de Costela, 1 São Cristóvão 53375-944 da Cruz de Duarte / BA",31 0021 6801,87135165,2022-10-18
446,Helena Azevedo,41,Feminino,"Favela Theo Santos, 524 Guarani 59915930 Vieira da Serra / RR",+55 (041) 7473 6496,06857734,2022-08-22
447,Marina Rocha,78,Feminino,"Jardim Pires, 79 Castelo 50181512 Correia / GO",+55 (061) 3310-6693,58489573,2023-05-07
448,Cauê Nogueira,53,Masculino,"Ladeira Sarah Moraes, 88 Vila Havaí 48606506 Melo / GO",(071) 2713-8707,47622414,2024-01-19
449,Ana Carolina Martins,53,Feminino,"Sítio Souza, 135 Mangabeiras 69937-770 Ferreira / AM",(084) 5893 2811,38189956,2020-03-10
450,Raul Ramos,19,Masculino,Condomínio Ribeiro Vila Barragem Santa Lúcia 71883-567 da Conceição / DF,+55 81 2909-8930,53312427,2024-10-06
451,Dr. Felipe Nascimento,49,Feminino,"Setor Araújo, 615 Vila Sesc 59701105 Teixeira dos Dourados / RR",(011) 5652-1997,22778088,2021-10-17
452,Miguel Barbosa,57,Feminino,"Colônia de Lopes, 15 Ipiranga 85323-485 Barros de da Cunha / RR",(061) 5545-2236,07537-972,2022-12-19
453,Pietra Nunes,32,Masculino,Favela Santos Unidas 22068-762 Nascimento do Norte / MG,41 2363 7260,19735-507,2022-04-28
454,Lara da Paz,66,Feminino,"Vila Sabrina Nogueira, 8 Grajaú 81986476 Gonçalves do Norte / MT",0500-906-4554,95307077,2020-11-24
455,Pedro Lucas da Cruz,35,Feminino,"Travessa da Mota, 451 Jardim Leblon 59938-372 Freitas do Oeste / RN",(084) 8211 6095,79195-324,2022-04-14
456,Sr. João Vitor Ferreira,77,Masculino,"Via de Pires, 537 Minaslandia 96908-214 Farias / AM",(021) 9888-1131,74469-664,2023-01-30
457,Srta. Stella da Mata,50,Feminino,Chácara Barros Ouro Minas 91466-632 Martins / PI,71 0302-4075,15802-439,2023-06-13
458,Thiago Cardoso,20,Feminino,"Conjunto Augusto da Cruz, 10 Bernadete 23302560 Pereira das Flores / RJ",0500-769-9489,09632-244,2023-03-17
459,Sra. Ana Júlia Ferreira,35,Masculino,Via Duarte Vera Cruz 93049574 Melo de Minas / AM,(031) 5296 2466,38414-890,2020-05-12
460,Caroline Lopes,22,Feminino,"Esplanada Viana, 2 Serra Verde 80991-974 da Rosa do Galho / MA",+55 (084) 4356 7708,38893-579,2021-03-09
461,Valentina Caldeira,55,Masculino,"Vereda de Melo, 9 Canaa 11029-484 Freitas do Amparo / SC",+55 (081) 8431-4908,04102242,2022-12-09
462,Thomas Moraes,66,Feminino,Distrito Correia Vila Da Paz 34211085 Castro de Fogaça / RN,0900 731 1721,72210-972,2022-02-11
463,Sophia Lopes,42,Feminino,"Estação Igor Almeida, 21 Vila Pilar 77121-307 Lima da Mata / RO",(031) 5971-2179,09747079,2022-09-29
464,Sabrina Pires,76,Feminino,"Jardim Nascimento, 91 Monte São José 34131-283 Gonçalves de Cunha / AC",(051) 7059 7662,83240726,2024-09-15
465,João Felipe da Conceição,78,Masculino,"Vale de Aragão, 38 Vila Pilar 86659069 Cunha / AL",+55 (081) 1820-2949,17782-800,2020-08-19
466,Maitê Cardoso,54,Masculino,"Vale de Nunes, 61 Madri 78206-525 da Mota da Prata / SE",0500 058 2761,58892-304,2021-06-26
467,Gabriela Rocha,55,Feminino,"Viela André da Conceição, 9 Marmiteiros 01768-784 Ramos / RN",+55 (011) 4038-2907,48362-803,2022-09-30
468,André Nunes,32,Masculino,"Viela Carvalho, 28 Vila Barragem Santa Lúcia 11373-945 da Mota de Araújo / AC",11 1546 6354,61723852,2020-07-13
469,Srta. Carolina Oliveira,20,Masculino,"Condomínio de da Rosa, 74 Vila De Sá 28648-053 Silva / GO",(081) 6713 4439,69379477,2021-03-18
470,Leandro Melo,24,Masculino,Lago de Araújo Confisco 60145-812 Novaes / ES,+55 (071) 5528 8739,32215214,2020-10-19
471,Cauê Cunha,55,Feminino,Lagoa Maria Cecília Silva Boa Esperança 70736-516 Costela / GO,31 2531-4851,71286008,2020-10-02
472,Elisa Gomes,45,Masculino,"Feira Maria Eduarda Jesus, 70 Vila Santa Monica 2ª Seção 39871-907 da Rosa / PI",(021) 4546 6180,73408-346,2023-03-09
473,Nicolas Monteiro,24,Feminino,"Ladeira de Teixeira, 65 Vila Das Oliveiras 02926425 Pinto / SE",(084) 8837 6148,56215789,2023-03-07
474,Laura Martins,31,Masculino,Trevo de da Mata São Geraldo 80418658 Costa dos Dourados / AP,+55 (061) 0068 9949,37575-846,2020-04-20
475,Giovanna Aragão,70,Masculino,"Chácara de da Cunha, 57 Vila Coqueiral 76274805 Jesus de Vieira / TO",71 6973-1098,93250-525,2023-11-06
476,Camila Moreira,66,Masculino,"Aeroporto de Porto, 94 Comiteco 01354-533 Monteiro de Fernandes / ES",+55 71 5709 4022,59935783,2024-10-17
477,Sr. Pedro Henrique Martins,73,Feminino,"Rodovia Benício Azevedo, 583 São Cristóvão 83463158 da Cruz / BA",0300 886 9500,11040-648,2021-11-20
478,Srta. Maria Fernanda Martins,77,Masculino,"Trecho de Monteiro, 937 Marieta 2ª Seção 72800-792 Almeida / AC",+55 (011) 9106 6625,34670-752,2020-05-21
479,Caio Vieira,69,Masculino,"Área Natália Moura, 61 Conjunto Celso Machado 72565-378 Souza / AP",+55 41 8085-7690,13956624,2020-08-13
480,Dra. Maria Alice Nogueira,66,Feminino,"Esplanada de Gomes, 63 Serra Verde 71951-739 Almeida / PI",+55 84 7404-7812,48228-595,2022-01-26
481,Gustavo Henrique Souza,59,Feminino,"Residencial de Costela, 5 Jatobá 02887385 Oliveira de Dias / RR",+55 51 3471 8290,37519-842,2021-06-29
482,Ian Vieira,72,Masculino,"Alameda de da Cruz, 2 Maravilha 93504715 Alves de Souza / RR",+55 (071) 3703 8862,92645-896,2021-02-24
483,Marcos Vinicius Ferreira,22,Feminino,"Setor Jesus, 17 Califórnia 96315378 Viana da Prata / AP",+55 (081) 2246-3190,51404322,2022-04-13
484,Calebe Viana,75,Feminino,"Feira Azevedo, 4 Mantiqueira 68348-345 Barros do Galho / PI",(011) 6617 1099,46612449,2024-05-24
485,Breno Alves,53,Feminino,"Vereda Jesus, 81 Horto 58321898 Aragão / PA",(041) 1075-4562,05386148,2024-07-18
486,Theo Campos,61,Masculino,Pátio Rodrigues Vila Maria 41415126 da Luz das Flores / CE,0800-422-9727,58411-808,2024-04-25
487,Giovanna Melo,44,Feminino,"Vale de Rezende, 904 Barão Homem De Melo 1ª Seção 03626438 Sales de Santos / TO",+55 51 9757 4951,47476-108,2022-07-29
488,Lavínia Silva,62,Masculino,"Núcleo de Lopes, 69 Trevo 91136206 Monteiro da Prata / AL",+55 71 2158 9623,94987-905,2023-08-19
489,Anthony Aragão,41,Masculino,Setor João Vitor da Conceição Padre Eustáquio 73541-670 Barros de Nogueira / RO,(081) 3914-8376,29329-151,2021-08-23
490,Júlia Ramos,61,Masculino,"Lagoa Beatriz Costa, 463 Alto Caiçaras 20664-359 Campos de da Mota / DF",+55 31 1681 1030,00650-199,2023-01-14
491,Marcelo Gomes,36,Feminino,"Avenida Eduardo da Costa, 98 Ouro Preto 91114-643 Carvalho / AP",21 6262 3521,22568-181,2021-09-02
492,Maria Vitória Peixoto,51,Feminino,"Estação Stephany Barros, 391 Santo Agostinho 07140454 Barbosa da Praia / DF",+55 (011) 6456 0231,17952-870,2022-08-30
493,Beatriz Azevedo,19,Feminino,"Alameda Noah Cunha, 9 Ipiranga 24090-141 Moura / AM",0300 526 5605,00346268,2023-04-09
494,Luiz Miguel Farias,62,Masculino,"Travessa da Paz, 904 Oeste 57414487 Moraes / RJ",(071) 9791 0572,75320-207,2022-05-28
495,Eduarda Carvalho,59,Feminino,"Campo de Azevedo, 63 Lourdes 68120-449 Gonçalves Grande / MG",+55 81 7774 7686,54699-768,2023-11-03
496,Julia da Mata,28,Masculino,"Trecho de Farias, 9 Vila Formosa 19054583 da Costa do Sul / DF",+55 (051) 2228-4496,13156-292,2024-07-19
497,Thales Aragão,73,Feminino,"Esplanada Sophia Melo, 6 Marieta 3ª Seção 32913163 Moraes do Amparo / PB",11 1425 0439,80726-985,2024-04-24
498,Eduardo Gonçalves,66,Masculino,"Trevo de Pinto, 56 Engenho Nogueira 83032296 Oliveira das Pedras / AL",0300-417-0435,90822816,2023-03-06
499,Sr. Antônio Nascimento,21,Feminino,Rodovia de Costa Vila Da Ária 98229725 Pereira de Almeida / MS,0500-528-4388,94144549,2022-12-28
500,Sr. Kaique Cunha,79,Masculino,"Trecho Mendes, 9 Vila Oeste 09418-265 Fogaça do Galho / AC",+55 (041) 1111-9835,85904108,2025-03-04
